,score,index
0,0.5559426236659402,1441
1,0.5479388745255254,83
2,0.5181937128451237,1770
3,0.5133263685090818,1928
4,0.5078716946367912,1159
5,0.507718412789174,1225
6,0.5067103956911126,994
7,0.5024118070449665,1680
8,0.4970811269012048,302
9,0.4858878493652022,1257
10,0.48205560133866077,314
11,0.48202826493706646,2038
12,0.4767444076388423,60
13,0.4627875563171534,545
14,0.4552386495198931,432
15,0.453548627897413,522
16,0.45127473428996945,1119
17,0.4432334783327414,961
18,0.4423521077317081,1425
19,0.4400268183638635,415
20,0.43838500663493934,1815
21,0.43178758730974914,269
22,0.43178473618809654,294
23,0.42392100034910285,1319
24,0.42232508000941205,1944
25,0.42059405438044717,224
26,0.4205143816860856,1478
27,0.4178158520292672,964
28,0.41379640573850407,785
29,0.41368604226330025,774
30,0.4133282257816974,458
31,0.41289341631378074,1172
32,0.41247176867226204,184
33,0.4115926195688728,886
34,0.4110156616436312,976
35,0.40910126200916386,1829
36,0.40194117048622446,1803
37,0.40112716920643376,452
38,0.3974959130686658,984
39,0.394754932150421,1193
40,0.3935582110177072,1331
41,0.3935582110177072,450
42,0.3919610313258266,526
43,0.3918065964996935,1248
44,0.3915954866598099,1556
45,0.39105059418036797,833
46,0.39099067316293656,122
47,0.39008276685862986,940
48,0.3888063891006059,1527
49,0.38861787154320726,1805
50,0.38471702399626156,1019
51,0.38413403777854105,1436
52,0.3838283904789283,756
53,0.383518961843362,1325
54,0.3835041045212799,1929
55,0.3810037846328723,1564
56,0.379701192483339,279
57,0.3789393697915036,849
58,0.37875718209515286,1181
59,0.37822812708093445,1894
60,0.37630481240805536,148
61,0.3759122591557027,338
62,0.37481891924922883,1768
63,0.37270253388729047,1932
64,0.37215828560327613,2042
65,0.3715330841591063,622
66,0.37080365766694245,104
67,0.3706591396683774,1725
68,0.3689934082496018,655
69,0.368683736923968,217
70,0.36692276070764795,1430
71,0.3651190217247626,1486
72,0.3624471865598225,853
73,0.36019161097994357,1155
74,0.3596771725108424,661
75,0.3574944575053453,248
76,0.35583171372421246,1881
77,0.3532037214618433,143
78,0.35222661302561287,2051
79,0.3518365118179443,39
80,0.3516797543719725,1879
81,0.3500734010755172,444
82,0.3479756439445662,1916
83,0.34796667699516726,98
84,0.34701637713869105,1567
85,0.34665644562867726,775
86,0.34628252550421856,1357
87,0.3443618305441951,563
88,0.34424580730815874,2012
89,0.34368841351525303,1982
90,0.34341579612053386,1380
91,0.3432608247390416,1116
92,0.3426479759886703,2082
93,0.3418952155955679,682
94,0.3418293682344272,144
95,0.34043492387529106,2064
96,0.34027085752054775,636
97,0.3400658465216013,906
98,0.33973254012478815,1383
99,0.3387370082675557,1096
100,0.338401665083203,1793
101,0.33796095418366384,124
102,0.33775717517063575,1348
103,0.3356574637755281,1262
104,0.3346338889391787,1676
105,0.334238204693323,1772
106,0.3340610801389726,680
107,0.3338520338893287,1223
108,0.3311284243200123,1307
109,0.3307138596191888,889
110,0.3296409157903991,117
111,0.32877270065517583,945
112,0.32774341282966707,1297
113,0.3272295225071801,699
114,0.3272117126826958,403
115,0.3271266416520051,831
116,0.3265689131215813,1481
117,0.3250442208102948,286
118,0.32460535828168696,737
119,0.3237526488835285,1315
120,0.32242716000541066,967
121,0.32177800726571676,700
122,0.32051813038931976,1782
123,0.32038828595337565,21
124,0.31909589631677227,367
125,0.31771250329975176,870
126,0.31629848007293726,1468
127,0.31568387642781015,1484
128,0.315587131471768,686
129,0.31548017888887003,797
130,0.3143982512342422,396
131,0.313229562573813,431
132,0.3131311145652286,1222
133,0.31304675568952484,506
134,0.312463154911956,1976
135,0.3124614501852073,443
136,0.31235659445390734,2003
137,0.3119266212791656,1341
138,0.31169191385929607,1442
139,0.31134673744660013,177
140,0.31059249982317394,653
141,0.30989919342394806,708
142,0.3088979633163324,1136
143,0.3085929055270319,733
144,0.3061474469178707,1643
145,0.30611911135071346,1459
146,0.3060268155232032,1133
147,0.30563111196521736,119
148,0.30523014595617254,1942
149,0.30383247018815107,1355
150,0.3033004124321482,100
151,0.3009784185483083,1246
152,0.3009775550464331,2013
153,0.3007221405196314,598
154,0.30039500683620435,1707
155,0.30038315452781916,730
156,0.2988860228927074,1399
157,0.29859968264322156,4
158,0.2984145620451894,91
159,0.2977097002794644,1326
160,0.29745058818897036,1922
161,0.2970284760638469,375
162,0.29673923211631303,1077
163,0.2953598911765954,373
164,0.2953460453962955,676
165,0.29510972253624435,524
166,0.294819223555624,296
167,0.2945877082652133,2005
168,0.29410779963675826,2094
169,0.29317341060436947,1628
170,0.2924258087328673,557
171,0.2915824418540498,1864
172,0.29140401736876614,1150
173,0.29093376891532563,792
174,0.29066575484601004,1086
175,0.2889091556202918,1040
176,0.2882521218613969,1183
177,0.2875899130646444,1615
178,0.2875837497624345,535
179,0.2874295084478926,1106
180,0.2862287790630028,1029
181,0.2848775424528186,1134
182,0.2832918395564863,1379
183,0.2820237636482984,2090
184,0.2816366500184252,1157
185,0.2811617877351286,1177
186,0.2808212627297086,1254
187,0.2804912216795534,1873
188,0.27915658256420783,1830
189,0.27875214594383957,778
190,0.2786639051364125,1749
191,0.278168756558816,1983
192,0.2777414531506458,442
193,0.2777322875234202,1003
194,0.27770465047779314,307
195,0.2772657379755573,632
196,0.2754659357659832,1288
197,0.2753046198752841,672
198,0.27525400848684256,2007
199,0.27524933049651024,601
200,0.2746784427049606,2004
201,0.2745540451642021,1318
202,0.27267495068252806,89
203,0.27216203392602273,145
204,0.2720119502413124,435
205,0.27133501290601447,426
206,0.2710843998757782,1593
207,0.2709602682339799,1722
208,0.27024882917476056,2050
209,0.26996784684427644,1799
210,0.26982807096156414,1412
211,0.26967776560110784,1690
212,0.26921195094642425,1980
213,0.2677192850564235,1423
214,0.2675570899618106,1876
215,0.267530466878084,1591
216,0.26720710072834863,1152
217,0.2666864345551412,1540
218,0.2661997386103062,1870
219,0.26608219352464824,1573
220,0.26588091075047376,1887
221,0.26584202022922915,615
222,0.2654824357250234,96
223,0.2646676618117202,1626
224,0.2639374069039477,1750
225,0.26382607235802313,752
226,0.2638240416491121,738
227,0.26311999455687146,1968
228,0.26289876937295575,1021
229,0.2628491486010491,1371
230,0.2626701484116472,411
231,0.2625771125657315,1895
232,0.262111162602111,1460
233,0.26158983144550807,933
234,0.26108073173513735,885
235,0.260048096144991,284
236,0.2586340336725319,156
237,0.2585049443259351,1078
238,0.2580475336652688,48
239,0.2567768019052767,1639
240,0.25659014109544187,1041
241,0.25562021992006695,11
242,0.25528000079744073,1197
243,0.25454334620575797,1064
244,0.25443813223684864,1552
245,0.2541698425998486,1528
246,0.2533018531342739,763
247,0.2531365970728289,693
248,0.2528543422421795,926
249,0.25257898031771187,1867
250,0.251856592149305,934
251,0.25047738007640835,1783
252,0.24984933397881093,1589
253,0.24975917209188042,2065
254,0.24812457479180375,1645
255,0.24757808702187412,996
256,0.24746807087029316,2010
257,0.24743650737503345,594
258,0.24674827263329535,1241
259,0.24662676014151264,167
260,0.24660615823462423,2046
261,0.24580222947332636,301
262,0.24556789272117702,1508
263,0.24555324492120542,690
264,0.24518899796710933,1281
265,0.24500198599113954,45
266,0.24491019141895792,1334
267,0.2446591395346582,810
268,0.2444585702233483,218
269,0.24435579252874853,288
270,0.24401640872603406,1937
271,0.2439308199293455,1763
272,0.24340682255628554,140
273,0.24311632979166692,38
274,0.24264088403261222,1874
275,0.24245303297524515,1742
276,0.24245166228249304,258
277,0.2424102966071562,333
278,0.24149684402685076,1231
279,0.24136983882838436,549
280,0.24061830402985854,20
281,0.2405361403731581,956
282,0.24033791656853326,527
283,0.24004937246126162,1804
284,0.23931295565004237,596
285,0.2389181809383145,1860
286,0.23862327484389367,1908
287,0.23844937344310677,1706
288,0.2379816289659311,44
289,0.2374740694175724,1878
290,0.23728221256036997,852
291,0.2371235929578805,1016
292,0.23691132499441284,1455
293,0.23690008896935094,420
294,0.2367021108349029,550
295,0.23643520570346888,551
296,0.2357068526158987,662
297,0.23518905032658646,1978
298,0.2346603246229601,1769
299,0.23450834882822805,948
300,0.2342684866938614,536
301,0.23420971845915728,298
302,0.23398012753918296,1848
303,0.23382994955558428,1605
304,0.23273400738268235,328
305,0.23229684068596354,1824
306,0.2319167429593717,1201
307,0.23127981354250995,965
308,0.23054294423109312,1609
309,0.23029052299447977,1699
310,0.22944920678075745,1900
311,0.22937166661093172,2052
312,0.22902776420811255,185
313,0.22869906378302488,1972
314,0.22862536367730302,1992
315,0.22853376322708335,1620
316,0.22829084798366847,1496
317,0.22714120174329375,971
318,0.22699571997251305,1434
319,0.22670302905924244,1700
320,0.226610228312492,2023
321,0.22585970287121193,1075
322,0.22534455809257542,1329
323,0.2249649132795266,1251
324,0.2249091358887799,1238
325,0.22489646728420243,1424
326,0.2247829284498749,824
327,0.22434570825409217,669
328,0.2238459932286761,1032
329,0.22204451769132844,5
330,0.2217464923426037,158
331,0.22160334614923036,1100
332,0.22113591644024566,742
333,0.220998574625478,80
334,0.2207657416437675,749
335,0.2202034177143226,1736
336,0.22011638376307902,618
337,0.22001253355347214,607
338,0.2198161568885948,1828
339,0.21978119288704764,869
340,0.21883808458265971,1202
341,0.2186074949243917,585
342,0.21821745781146062,1506
343,0.2179316429323522,1500
344,0.2167708461436692,907
345,0.216666191925021,62
346,0.21616724167251974,34
347,0.21500755480851313,745
348,0.21487981184120608,1332
349,0.21434064256883972,18
350,0.21409703680681932,1012
351,0.21381509618272723,2088
352,0.21352930799510011,968
353,0.21350244439683352,868
354,0.2134490640333947,438
355,0.21329742575206617,51
356,0.2132953032669329,394
357,0.213248926578818,321
358,0.21269335775435208,1962
359,0.2126396902112263,95
360,0.21254442924550815,1247
361,0.21239223936617596,1812
362,0.21239185873634503,605
363,0.21192460724810142,1956
364,0.21172622416835915,1354
365,0.2116611553614716,1022
366,0.21148071973793373,771
367,0.21144055105068268,2085
368,0.211088262642117,1888
369,0.21106601473800385,1995
370,0.21067926206022636,129
371,0.2102932411369019,1514
372,0.210226125331202,1845
373,0.21012541336719864,1523
374,0.20958804384190644,1289
375,0.20905890043232214,102
376,0.2084413669372621,1522
377,0.20753820482383945,500
378,0.2075220207311153,1260
379,0.2068338306688925,567
380,0.2065170435581471,1723
381,0.20599449814166224,231
382,0.20594968968144006,1660
383,0.20524246761128284,86
384,0.20515829927876575,1737
385,0.20489908037218102,982
386,0.20441076849020418,1092
387,0.2040072087651882,2016
388,0.20338505072610727,162
389,0.20301428906277974,1440
390,0.20297189850741526,127
391,0.20297189850741526,109
392,0.20259398439101944,1877
393,0.20196870404178646,1411
394,0.20194739512623566,1388
395,0.2017883040327708,1892
396,0.20164277711563797,1648
397,0.20161780028540574,207
398,0.20157942257359712,1907
399,0.20137107854608496,1306
400,0.20102254043399279,238
401,0.2008226836194686,1051
402,0.20075244649229235,55
403,0.2003963727782851,977
404,0.20021998594779367,1758
405,0.20018183311903925,1227
406,0.19982166830270903,240
407,0.19957219634703344,1295
408,0.1995137205059076,954
409,0.19917741024042235,1520
410,0.19916572780987718,1957
411,0.19882374355951363,1913
412,0.19881195527305276,1595
413,0.19860615660172617,1090
414,0.19860549153037463,1719
415,0.1984583732188,837
416,0.19804980266722308,206
417,0.19795686697866557,1302
418,0.19688767073425445,1941
419,0.19636536117618691,2036
420,0.195826068119158,249
421,0.19567082282823503,1178
422,0.1956291770311286,921
423,0.1953761656567543,1519
424,0.19528124698489874,462
425,0.19505886756230797,600
426,0.19483716404264967,214
427,0.19479403292398256,1292
428,0.19478666112663487,384
429,0.19474888755150682,829
430,0.19468280420435433,163
431,0.1943518276281453,702
432,0.19427852358332082,278
433,0.1942645227626364,1543
434,0.19420037105777893,609
435,0.1936455179671224,1934
436,0.19326348369280602,1833
437,0.19309820034774386,149
438,0.19290777894376432,991
439,0.19273197524936317,1229
440,0.19240016529635873,1566
441,0.19226069143933502,10
442,0.19215332157957554,1429
443,0.19212997862152303,469
444,0.19153450207293027,1809
445,0.19149412720058417,555
446,0.19145286230274194,215
447,0.19116797349063608,1661
448,0.1911359566543171,1466
449,0.19105999409051075,668
450,0.19064057624271802,1551
451,0.190570321096047,1598
452,0.19030276854061193,1139
453,0.19022792894114343,1278
454,0.1893920301690218,1187
455,0.18930928388050403,1169
456,0.18895972585119242,388
457,0.18888817218237505,1062
458,0.18866425879742654,110
459,0.18866425879742654,111
460,0.18825335424070416,593
461,0.1879090159746466,1820
462,0.1875355737234851,300
463,0.18744294315582644,1569
464,0.18732910180044648,900
465,0.1872783014936089,1274
466,0.1872489960161631,487
467,0.1869282400811077,1590
468,0.18656249396872865,1389
469,0.18631557508773386,147
470,0.1863011530010564,1467
471,0.18624776036638152,1681
472,0.1860584786420269,128
473,0.18602219678249232,1511
474,0.1858980644446171,835
475,0.18536228270090002,1445
476,0.18498345630479796,696
477,0.18493927682796818,1636
478,0.18493017136376058,1821
479,0.1845264090138642,1738
480,0.18417449898099764,1400
481,0.18414240173317029,1410
482,0.18407689335329902,68
483,0.18405940092426493,1239
484,0.1836722969901866,2009
485,0.18362482522768506,1802
486,0.18342795625474864,1217
487,0.18342145184402098,1966
488,0.18317223137475758,1532
489,0.18299433341785606,1074
490,0.18267753368889986,1401
491,0.18254596499511946,973
492,0.182416232811225,2027
493,0.1822616845035423,113
494,0.18201208759568366,548
495,0.18200328470941451,1443
496,0.18196501225039496,685
497,0.18140668523502634,1642
498,0.18114269151051982,695
499,0.18113248631544873,1340
500,0.1811101725101703,1273
501,0.18056427972012143,565
502,0.1805570447405436,1115
503,0.18038141906956548,1151
504,0.18019828194162502,87
505,0.17965118056882573,1843
506,0.17948974987957844,1504
507,0.1790864167455891,1819
508,0.1787718850123363,1839
509,0.17836430684401236,798
510,0.17833325230274827,2067
511,0.17826004479207408,673
512,0.1781728134581399,457
513,0.17766038508003446,27
514,0.1774916686991358,1290
515,0.1774916686991358,874
516,0.17729694479300007,146
517,0.17727954491194892,1656
518,0.1772109418194196,1716
519,0.17707334215065318,818
520,0.1766511259625249,1563
521,0.17592912029309637,1356
522,0.17588837898607643,485
523,0.17572583449032392,1464
524,0.17504384052116498,82
525,0.17504384052116498,637
526,0.17458697321484745,486
527,0.1743896631432169,1283
528,0.1743691968906798,872
529,0.17431631808812575,1275
530,0.17350502200329043,2024
531,0.1733901838314158,1265
532,0.1731088614004921,1997
533,0.17264784197542998,1771
534,0.1726444998569136,2006
535,0.17254123159736906,1712
536,0.17244532172380703,780
537,0.17243435138709684,1343
538,0.1722063660851955,1145
539,0.17215224229841886,575
540,0.17207998752144488,1038
541,0.17194833862736988,1082
542,0.17181321056228754,1627
543,0.17179758887857952,93
544,0.17163830188538698,1842
545,0.17145865450852582,2044
546,0.17137318895357814,827
547,0.17132753700175107,851
548,0.1712805615153402,2020
549,0.170916728781485,1875
550,0.1708653976792553,652
551,0.17061495459297335,1067
552,0.1706020290612138,743
553,0.17032253849158557,635
554,0.17023523238090188,319
555,0.17006357207932482,939
556,0.16979267984531998,772
557,0.16969838393243392,497
558,0.1693400085849754,1120
559,0.1693370865603665,1586
560,0.16866441926645181,930
561,0.16837441330352665,755
562,0.16836784682306466,37
563,0.16835690334172632,1132
564,0.16824658579228036,417
565,0.1677518302260138,1694
566,0.16752471852628364,135
567,0.16738963612083618,386
568,0.16726761411620675,1673
569,0.16689100299342216,235
570,0.1662280044787839,988
571,0.16611437287072023,1435
572,0.1660202809421259,1420
573,0.16547147654951713,32
574,0.16508019715664332,890
575,0.16500778433125546,740
576,0.16462799973342546,916
577,0.16440632046190737,295
578,0.1641690347528715,899
579,0.16410163645431292,912
580,0.16409106333492318,970
581,0.16403602834627878,1618
582,0.16384109927844592,789
583,0.1637312007011868,1945
584,0.16367884524207948,19
585,0.16356577514642423,830
586,0.16352488485876,862
587,0.16350526116566527,815
588,0.1634469320945187,517
589,0.163278549288187,610
590,0.16317348162012807,1123
591,0.16308635107906122,586
592,0.16299304632857015,1785
593,0.1629470721144973,1039
594,0.16294258333042339,876
595,0.16278153150666705,1089
596,0.16273288080685944,657
597,0.16252991923226076,779
598,0.16192956191037453,674
599,0.16185308947460503,1294
600,0.16178826333874516,1060
601,0.16158411992697824,724
602,0.16135285967945442,993
603,0.16131434420322127,197
604,0.16108159219512264,290
605,0.16018716094616292,1102
606,0.15969428012304354,1652
607,0.15961210709328005,1924
608,0.15883046680220997,1228
609,0.1586937343896137,687
610,0.15867168164200132,1494
611,0.15865635678563572,955
612,0.15836276142962608,503
613,0.15799646338247347,439
614,0.15799141772493386,1960
615,0.157904192384681,893
616,0.1575391955343102,1438
617,0.1574204063031518,781
618,0.157344607619963,794
619,0.157254777701256,1261
620,0.15713612210719627,1362
621,0.15683904273214205,15
622,0.15681228114880275,498
623,0.15674938257408305,1724
624,0.1566615806650635,336
625,0.15650589784394703,172
626,0.1563686202249695,1558
627,0.15632631237021466,932
628,0.1561389956157428,305
629,0.15607936233554398,1
630,0.15579333937161927,441
631,0.15563004603640795,14
632,0.15545858819234323,1854
633,0.15539178537043039,2040
634,0.15535428625450465,357
635,0.15518116445296762,1366
636,0.15500050559130252,174
637,0.15494270277950345,468
638,0.15487987530092984,881
639,0.15475909231149643,896
640,0.15463353984508782,1644
641,0.15457154974620546,454
642,0.15430805472574016,382
643,0.15403735568271937,1272
644,0.15384182509935568,477
645,0.15367668490384107,2049
646,0.1528061484756711,257
647,0.15194268754018658,1091
648,0.15173372538051544,484
649,0.1517119688085619,519
650,0.15121527287609776,1764
651,0.15106716474957171,1476
652,0.1508487456534853,1865
653,0.14985107580925514,1372
654,0.14981481509597444,1939
655,0.14953016287109155,1847
656,0.14952895712281983,1286
657,0.14937931337038482,2014
658,0.14924537706043672,1328
659,0.14923664399876257,1714
660,0.1491320703035712,77
661,0.14891079360180468,1304
662,0.14858500526628732,2011
663,0.1484505738434679,201
664,0.14805160303932136,959
665,0.1480217878253996,310
666,0.14774110525225947,274
667,0.14772869149802653,473
668,0.14769028398675788,823
669,0.14733424842473342,602
670,0.1473225197708403,1629
671,0.14713779274121094,1674
672,0.14713221595662596,488
673,0.1468320230384307,1392
674,0.1463443627543191,1953
675,0.14634363540799028,2055
676,0.14564185314666878,75
677,0.14541309983753745,259
678,0.14520436147327878,196
679,0.1451515387629138,1313
680,0.1450630733361926,1327
681,0.1449148537834069,1601
682,0.1449039808186363,2084
683,0.14476093537780285,107
684,0.1443097605393056,989
685,0.14428712167637148,875
686,0.144137121479607,377
687,0.14354040541769642,30
688,0.14305196425188574,1396
689,0.14257962607804658,1342
690,0.14253305434443506,731
691,0.14246949299638462,949
692,0.14206364391308565,1232
693,0.1419349902853101,590
694,0.14171184417165172,97
695,0.14147619174633974,658
696,0.1414556328324959,538
697,0.14145262281937437,1473
698,0.14141172188706802,1890
699,0.1413439841087264,1702
700,0.1413281639541896,1103
701,0.14130112909627313,137
702,0.14075968201146088,1349
703,0.1406806655294483,816
704,0.14042713008923147,819
705,0.14016217479249077,511
706,0.14013538780423024,1256
707,0.13992142800451532,211
708,0.13958940185793572,1026
709,0.13931659908228616,1893
710,0.13924021082011534,528
711,0.1389760963376811,1368
712,0.13880306664714886,1667
713,0.13879524691516096,481
714,0.13865243818774547,1964
715,0.13858943687968306,356
716,0.13836537714342784,1316
717,0.1382149395269064,408
718,0.1380155639889056,350
719,0.1373731646588231,85
720,0.13727104395897594,748
721,0.13724064682779002,1226
722,0.1371792983516572,2089
723,0.1371669394452343,1866
724,0.1370769191921082,1453
725,0.1370066868561822,1186
726,0.1368005635193712,16
727,0.13632927197962125,820
728,0.13556742600359561,1310
729,0.13551513789034986,489
730,0.13513412401170322,1058
731,0.1349606482112538,453
732,0.13489965337846177,1048
733,0.13454788763625453,270
734,0.13444856296441765,268
735,0.13442114027978128,1365
736,0.13413522489861773,2053
737,0.13395433541591528,744
738,0.13389963362761353,280
739,0.13387934685765002,1146
740,0.13363521515738397,925
741,0.13362134729115466,368
742,0.13352457398414416,1448
743,0.1333984801920407,266
744,0.1330402366767181,530
745,0.1329326752986117,1534
746,0.13290377923407387,92
747,0.13278091681297477,1675
748,0.13272531392529074,1943
749,0.13260512276055053,2070
750,0.13203274190634318,877
751,0.13180034594423312,850
752,0.13168572561730857,1279
753,0.13137669442207084,2032
754,0.13136672198184945,47
755,0.13133123225681323,1720
756,0.13078433374939488,1235
757,0.13076194034433514,1171
758,0.1306817224978202,1287
759,0.1303873873248514,903
760,0.13023923993460446,1721
761,0.12970134168106875,99
762,0.12890282492628247,282
763,0.12875793027227225,1559
764,0.1282169938306448,198
765,0.12798966273415813,108
766,0.12781390567181583,2029
767,0.12773515563511834,61
768,0.12750686944950368,1926
769,0.12706618651547497,1020
770,0.12663729214810507,931
771,0.1263192629898019,1505
772,0.12621799556727703,1970
773,0.12555254654326048,1218
774,0.1253414537824863,736
775,0.1252576454691999,105
776,0.12514947910380153,385
777,0.12488944747036994,920
778,0.12480594154573355,1977
779,0.124688930105398,887
780,0.12435720147341581,985
781,0.12420125824716945,1525
782,0.12361664608923072,58
783,0.12331339787877996,366
784,0.12331208948080752,347
785,0.12323166431027724,1882
786,0.12291336254039022,159
787,0.12279933246536326,52
788,0.12257952377733028,1015
789,0.12237858934691294,1458
790,0.1220399791674242,1359
791,0.12179399472990571,1703
792,0.12170292727789012,1149
793,0.12169535259467401,1998
794,0.12156697656769953,2074
795,0.12151313083469244,897
796,0.12151026960031941,1188
797,0.1211829823116284,1182
798,0.12116767943736739,1211
799,0.1211466047669478,404
800,0.12104116929375498,633
801,0.12090739081157871,64
802,0.12013692837514789,1056
803,0.11990539276852523,953
804,0.11982381356550428,1472
805,0.11972037186781585,326
806,0.11968609049098292,604
807,0.11962448788024768,255
808,0.11957176660128233,354
809,0.1194278938792438,1284
810,0.11923015059727994,1958
811,0.1191130002887329,1001
812,0.1186468069956675,1502
813,0.11864552527447458,1579
814,0.11856881513048073,734
815,0.11828322838051561,1727
816,0.1181164400821384,1651
817,0.11721981939722362,311
818,0.11714935843746843,273
819,0.11713954003650862,289
820,0.11690128771082182,553
821,0.11688651915907283,2039
822,0.11687458613225792,592
823,0.11685139795869033,589
824,0.1167865649866371,1672
825,0.11670894841758515,997
826,0.11642226620697066,1059
827,0.11621555086906839,31
828,0.11615635633141898,878
829,0.11595258087528157,491
830,0.11584421180381307,1314
831,0.11581511095075864,456
832,0.115435340088162,1692
833,0.11524885492498847,1344
834,0.11518781192579398,1655
835,0.11498283803568099,1625
836,0.11485264768983194,360
837,0.11472278064287869,1806
838,0.11466712943033855,1613
839,0.11465838121721418,358
840,0.11449504941172806,1447
841,0.11433546912291617,1619
842,0.1141978922720253,2077
843,0.11395204190652039,844
844,0.11383249408116544,261
845,0.11369414518788334,1065
846,0.11342424047302832,1914
847,0.11308218753954899,1912
848,0.11296894423541506,812
849,0.1129061277037278,1975
850,0.11281532176097141,74
851,0.11279609753162174,181
852,0.11258433424481443,1606
853,0.11233553871309661,1555
854,0.11213831257254324,1902
855,0.11208111577499094,1154
856,0.11197429892775515,400
857,0.1117551201295849,362
858,0.11159485161839815,166
859,0.11154367162140849,629
860,0.11151741042835174,992
861,0.11127251547897421,9
862,0.1112062540228921,972
863,0.11114389879836085,72
864,0.11087926522270931,1531
865,0.11078184526414088,603
866,0.11047396630700516,264
867,0.11028859743604011,512
868,0.11021414141860114,650
869,0.1100316887049149,854
870,0.10950701199994958,1841
871,0.10941964495592425,1817
872,0.10902374485498711,179
873,0.10872856942590893,1715
874,0.10831402498489971,935
875,0.10802638540572132,260
876,0.10801524544111687,630
877,0.10725341069768232,2001
878,0.10702394361485724,1479
879,0.10693909458429224,561
880,0.10691409871306615,532
881,0.10682206350207463,679
882,0.10658152484523858,219
883,0.10647560095420931,787
884,0.1058498228299534,703
885,0.10571877989645696,1800
886,0.10521960238472888,1666
887,0.10510322090587176,1167
888,0.10502838692616816,1678
889,0.10497020307400509,649
890,0.10494629753134141,1872
891,0.10405220200599097,1751
892,0.10393973785143923,410
893,0.10390613811674992,762
894,0.10377072258188882,1570
895,0.10345439237584117,150
896,0.10333769139176766,857
897,0.10322338102253409,741
898,0.10315881792224832,842
899,0.10312122076559926,1897
900,0.10305891836746027,1291
901,0.10246646159884787,1578
902,0.10209153719594971,1871
903,0.10189884307779877,1263
904,0.10168675590390053,1611
905,0.10162483103470882,1308
906,0.1015991606680311,180
907,0.101449242138846,541
908,0.10138071289704687,795
909,0.10064811583585537,448
910,0.10056934673408392,1641
911,0.10054824503581786,1550
912,0.10048310922115451,446
913,0.1004693981866585,980
914,0.1003910229072848,1844
915,0.10038496871641195,583
916,0.10035865937665145,409
917,0.10013471188211323,588
918,0.09921392899952602,998
919,0.09891955971146532,1112
920,0.09882724754035888,581
921,0.09871894851289112,1017
922,0.09870279749608227,1130
923,0.09869055234219587,155
924,0.09817270603830322,860
925,0.09802809727123,1054
926,0.09788306588033839,429
927,0.09778343127318173,644
928,0.0974822041729912,1418
929,0.09737716971244764,183
930,0.09715549126143666,1584
931,0.09706511217374128,904
932,0.09696446327366026,1807
933,0.09694166109159852,327
934,0.09663790779271535,1541
935,0.09657839468969602,1545
936,0.09641294155935394,116
937,0.096197644102777,1574
938,0.09617182839577985,1276
939,0.09589436419247227,1718
940,0.0954697761764819,791
941,0.09499429688479537,960
942,0.09486067680706034,1495
943,0.09484554622851044,677
944,0.09455108516891025,190
945,0.09454918807909518,126
946,0.09429075841472502,1965
947,0.09419946429322566,2033
948,0.09354460528590033,670
949,0.09353089950302354,645
950,0.09338720990140131,712
951,0.09309889441718194,1282
952,0.09307435352822696,168
953,0.0929934157185262,1216
954,0.09284668744764857,115
955,0.09275785061229888,252
956,0.09250986019225435,1415
957,0.09225722696065652,379
958,0.09204541641787915,631
959,0.09191164212734076,387
960,0.09188118798269874,1562
961,0.09184137688569913,706
962,0.09086074920378795,1488
963,0.09059511414685485,2078
964,0.09057764952273889,1215
965,0.09051455053314272,1324
966,0.09032531947682364,1568
967,0.09022764136890665,225
968,0.0898900870534213,24
969,0.08987557453095321,714
970,0.08980788203698084,983
971,0.0892346356397526,1880
972,0.08885825020881497,1416
973,0.08871806958888284,323
974,0.08855538207365035,909
975,0.08839763429439822,1347
976,0.08836482986426117,1323
977,0.08822400101331862,729
978,0.08790571512163642,1684
979,0.087883537495405,1419
980,0.08776872765522703,1906
981,0.08767453936253855,262
982,0.0871817854834309,342
983,0.08689071966669833,1862
984,0.0868727809092035,501
985,0.08677876199578313,1031
986,0.0866417520846408,1237
987,0.08659962373730586,2063
988,0.08631330197990225,1852
989,0.08608556921257864,1179
990,0.08604337371837445,1320
991,0.08602690945359089,1028
992,0.08600041288001498,783
993,0.08551352945019894,1592
994,0.08550831777172999,318
995,0.08545230174370279,543
996,0.08533162229052868,1979
997,0.08510225557378176,520
998,0.08502665725452997,1621
999,0.08477241611630477,293
1000,0.08464628371922361,883
1001,0.08433341141387767,1336
1002,0.08433214298288183,1950
1003,0.0841542904494164,1298
1004,0.08380116885746042,855
1005,0.0835853992825108,1175
1006,0.08348979784823239,1293
1007,0.08343161974009014,1856
1008,0.08325985993891144,406
1009,0.08317906262910604,459
1010,0.08304119735314475,1919
1011,0.08295876002518551,345
1012,0.08293706527584763,836
1013,0.08264352664757929,1370
1014,0.08240954019329183,392
1015,0.08207736733509013,101
1016,0.08191417887707612,1185
1017,0.08164105700510992,276
1018,0.08160560109453288,1381
1019,0.08147585701536353,169
1020,0.0813010093213465,204
1021,0.08119141856999537,1449
1022,0.0809438305926075,427
1023,0.08055537722061423,559
1024,0.08039154638732104,1358
1025,0.08031540505553707,383
1026,0.07953871106173055,713
1027,0.07948189968827177,814
1028,0.07913109086715693,1857
1029,0.07910583105507231,152
1030,0.079087359757559,723
1031,0.07853409967419357,399
1032,0.07843222985276466,1688
1033,0.07843213693233651,244
1034,0.07811048546180202,451
1035,0.077981185556662,923
1036,0.07793023428194987,732
1037,0.07791755811200472,1883
1038,0.07791715106951817,950
1039,0.07782774597206439,1346
1040,0.07775442267776658,2017
1041,0.07775398981968318,1576
1042,0.07774098835066887,1085
1043,0.07736744458549911,466
1044,0.07736653645365912,2041
1045,0.07708051677888524,747
1046,0.07702867715338312,355
1047,0.07697113952535467,1221
1048,0.07693489731169813,2087
1049,0.07677919488017128,376
1050,0.07657284020061601,1387
1051,0.07646396267304109,1206
1052,0.07633616419183539,164
1053,0.07630339902196634,33
1054,0.07620663482250789,720
1055,0.0761983091840068,1787
1056,0.07600732447974529,1190
1057,0.0757341258135989,378
1058,0.07559256568208735,216
1059,0.07544272503069227,573
1060,0.0751974407145597,1210
1061,0.07515516520158616,1414
1062,0.0748896238130741,826
1063,0.07486739169629421,1961
1064,0.07477002868689209,1835
1065,0.07466884040815712,1451
1066,0.07439461409630899,1791
1067,0.07427232538295928,1492
1068,0.07407784174376919,1777
1069,0.07393434511673748,2000
1070,0.07387970349349435,1512
1071,0.07379079789488657,1084
1072,0.07319946771560651,665
1073,0.07310396470258863,856
1074,0.07303069525961721,1352
1075,0.0715814205824685,754
1076,0.07148713881910085,928
1077,0.07116628838894155,1444
1078,0.07100862029546778,587
1079,0.07098149575384909,275
1080,0.07097928104966442,1827
1081,0.07094944483580289,237
1082,0.070504976646876,405
1083,0.07041100900294503,463
1084,0.07032760331790068,1321
1085,0.07032230963487471,1471
1086,0.07006664571608115,1896
1087,0.0699790153767279,1633
1088,0.06988105835036998,1034
1089,0.06973010774615776,414
1090,0.0696851252660889,1920
1091,0.06914538156943366,509
1092,0.06899308442289195,529
1093,0.06899308442289195,341
1094,0.06885183774746965,188
1095,0.06878241892448264,1270
1096,0.06820010213845734,202
1097,0.06793321457977544,1499
1098,0.0678703115812978,187
1099,0.06772471885089161,966
1100,0.06712917042493358,1524
1101,0.06685172186563429,1063
1102,0.06683670602307146,49
1103,0.06654422576536792,2073
1104,0.06651565697813645,349
1105,0.06641254842477974,1825
1106,0.06634413399039965,1561
1107,0.06630924875262026,999
1108,0.0662897959707747,1393
1109,0.06618569982207112,1397
1110,0.06615648869425791,69
1111,0.06596171292741998,895
1112,0.06588578590793967,1600
1113,0.06588125413324836,578
1114,0.06563996033805476,516
1115,0.06558997998894744,1233
1116,0.06526597500951321,1489
1117,0.06501545458598251,178
1118,0.06441317901523677,1790
1119,0.06420815103927686,1110
1120,0.06419256596049686,801
1121,0.06407055634884004,272
1122,0.06392843567441861,1135
1123,0.06385277671698944,1739
1124,0.06338084872571967,1160
1125,0.06312494755143186,751
1126,0.06307016429768321,2057
1127,0.06288317140659368,1789
1128,0.06288139756249617,1546
1129,0.06282230555154954,1775
1130,0.06271709112883127,1767
1131,0.06270871399056571,777
1132,0.06264357972912347,2069
1133,0.06264248191763426,969
1134,0.06254100156432102,2002
1135,0.06252751953292346,1107
1136,0.06252235843879678,395
1137,0.06249543433612137,689
1138,0.06248469699240197,1832
1139,0.06204950969158281,1255
1140,0.06203965015559231,1333
1141,0.062014066624358107,942
1142,0.06195333441674547,919
1143,0.061936887276876455,1910
1144,0.061820654742004544,247
1145,0.061523293146925805,790
1146,0.0613420402963948,1244
1147,0.06123731015091019,1219
1148,0.06081080425580002,946
1149,0.060802343718737197,475
1150,0.060774136231688425,1018
1151,0.06067986386771572,79
1152,0.060603331383958695,1580
1153,0.06051614213367301,132
1154,0.06044034015402476,1635
1155,0.06034808683394695,556
1156,0.06029304763552116,692
1157,0.06027554487859227,1405
1158,0.060264176312960036,35
1159,0.060236687753536494,1398
1160,0.05997463212835073,1141
1161,0.05983025719853372,1689
1162,0.059781602796667443,1517
1163,0.059561103326526824,434
1164,0.05940191988371357,1931
1165,0.05930874178387337,981
1166,0.058915595859709506,123
1167,0.058741547166185216,136
1168,0.058550099851956056,334
1169,0.05840322166537308,1899
1170,0.05838068864646912,1450
1171,0.05831562188258345,316
1172,0.05830863862228797,1105
1173,0.05817220393817036,986
1174,0.058153323254906325,627
1175,0.05815192934399596,186
1176,0.058125276635188,303
1177,0.05803160815163981,558
1178,0.05793414720277077,1161
1179,0.057858535334045946,784
1180,0.05772593924970621,1623
1181,0.05769609506085889,1068
1182,0.05767860684635783,189
1183,0.0576529507836326,365
1184,0.05741923687762526,1917
1185,0.057057960142194455,372
1186,0.05699182893501367,962
1187,0.056979943318226985,924
1188,0.05691543259493097,332
1189,0.056663997642631886,1921
1190,0.05649201608481623,397
1191,0.05648684991650622,1462
1192,0.05644301794210162,701
1193,0.05630879630145339,161
1194,0.056175146188166575,1533
1195,0.05610294709472996,905
1196,0.05597711033928336,1108
1197,0.0558311753546413,263
1198,0.05579738763360177,1649
1199,0.05569328875567284,508
1200,0.055572324590883,1480
1201,0.05552290278182899,859
1202,0.0555034977193435,380
1203,0.055374808630664345,1338
1204,0.05522307610639582,71
1205,0.055198568515855334,412
1206,0.05509390850214453,773
1207,0.055031905004327177,1010
1208,0.05487486002066723,1093
1209,0.05484672486611331,929
1210,0.054700920186541976,1647
1211,0.05438676015507275,666
1212,0.054384778896680426,867
1213,0.05438115104489127,1330
1214,0.05436751771216626,1608
1215,0.054166340664626264,1823
1216,0.05411123774000977,1386
1217,0.05394700596513491,1339
1218,0.05387052821172404,53
1219,0.05370896197992736,1258
1220,0.05359515696524691,133
1221,0.05356738265536749,1322
1222,0.05353442916670968,1180
1223,0.05334770550358326,725
1224,0.053134807517763505,768
1225,0.05291519584229207,1242
1226,0.052756362437346466,151
1227,0.052478692057978886,175
1228,0.052402395071501975,474
1229,0.052402395071501975,312
1230,0.05234139555314677,1350
1231,0.052316337646411026,470
1232,0.051952251044865075,364
1233,0.05177674729704551,1526
1234,0.05153209498401251,841
1235,0.051491319802009466,531
1236,0.0510893403497314,112
1237,0.05108457833877705,619
1238,0.05107008911621868,888
1239,0.05094597606799714,26
1240,0.05093885552015863,2022
1241,0.05084279653884129,461
1242,0.05078933808878978,1403
1243,0.050618590641268876,1993
1244,0.05036864674631898,2037
1245,0.0503425004874757,1990
1246,0.05028271516159324,560
1247,0.05024660389357154,1638
1248,0.05021080178582185,2083
1249,0.050054920424869864,1988
1250,0.05001168751088109,624
1251,0.049757712744588664,495
1252,0.04954464488490896,1670
1253,0.04880759648181469,1755
1254,0.04874152875804946,1008
1255,0.04864997194048121,29
1256,0.04848102913190375,423
1257,0.04847351099820797,2079
1258,0.0483195962219722,171
1259,0.0482663982436839,1794
1260,0.0482305676354072,760
1261,0.04805918363469166,1122
1262,0.047907728561256475,348
1263,0.04767612553900014,554
1264,0.047612313139334,1452
1265,0.0475842580330299,1117
1266,0.047470611720193165,628
1267,0.04690313146348177,1585
1268,0.04680629421062281,1000
1269,0.04661231649591897,1033
1270,0.04654560758615146,424
1271,0.04645424674599692,1409
1272,0.04632950857127734,806
1273,0.04629790292664744,1148
1274,0.046274305000705944,978
1275,0.046184041848230266,335
1276,0.04617646197373062,1428
1277,0.046171104709735955,291
1278,0.04609408193482019,1935
1279,0.046025494095746175,242
1280,0.04583563114494229,1013
1281,0.04568866930921708,287
1282,0.04559545266006577,1173
1283,0.0447496438227262,1301
1284,0.04473598320795279,1057
1285,0.04468261008529102,182
1286,0.044357698701612366,1891
1287,0.04411600680183565,256
1288,0.044042499705308255,1240
1289,0.043791548789046834,616
1290,0.043695203415437284,1259
1291,0.04306096099223471,1195
1292,0.042885456021337094,1007
1293,0.042870476740998045,523
1294,0.04247384198132409,1653
1295,0.04238788414195943,398
1296,0.04228539276508213,232
1297,0.04224070726079497,943
1298,0.04219618308757592,1454
1299,0.04197604468942301,1766
1300,0.04194206087851207,782
1301,0.04178855852741656,813
1302,0.04170669893744448,428
1303,0.04155094139709599,1754
1304,0.0415453581187323,1475
1305,0.04123653367608297,1989
1306,0.04102875175798773,646
1307,0.04102875175798773,863
1308,0.04075445303812183,1369
1309,0.04068307125869713,987
1310,0.04058155756283736,419
1311,0.04025485815282849,1098
1312,0.04001680637007629,539
1313,0.03999287083400856,1137
1314,0.039930001373021363,440
1315,0.03964647568668034,892
1316,0.03953994569922767,1786
1317,0.03886827699852224,1746
1318,0.03878325301622543,2043
1319,0.03875757307036213,803
1320,0.03870059241939115,1671
1321,0.038563578825132,871
1322,0.03839186211110086,192
1323,0.038390160190884384,502
1324,0.0380633419659277,898
1325,0.037839426267314485,449
1326,0.03746683863562965,1433
1327,0.03745845654715102,1745
1328,0.03741595681103713,94
1329,0.0372801670085548,1683
1330,0.037074102908578946,205
1331,0.0369970518726053,1539
1332,0.036802734256173766,1685
1333,0.036637587187974274,1599
1334,0.03654067033462534,1974
1335,0.03646986872563268,1733
1336,0.036396971977122446,620
1337,0.03611098418350229,894
1338,0.03602896104970294,805
1339,0.0357519007095048,1361
1340,0.03573979839090258,1024
1341,0.03565585894778864,1898
1342,0.03561292692594633,103
1343,0.03559293436413275,951
1344,0.035587526774752826,1701
1345,0.03556853378071401,1516
1346,0.03542331710458928,1616
1347,0.03534600477332583,317
1348,0.03531458224741732,1066
1349,0.03511233927817292,1747
1350,0.03506562582971512,1951
1351,0.03482608960099012,490
1352,0.03476105179838557,1465
1353,0.034669329272682015,467
1354,0.03458015921340928,651
1355,0.03451431559067252,1798
1356,0.03397045768098596,800
1357,0.03396153018798438,1630
1358,0.033879913498030385,1111
1359,0.03375223715697558,421
1360,0.03356891218827254,678
1361,0.03349065019913541,125
1362,0.03346599864324752,1996
1363,0.033341434499554595,1214
1364,0.033337614517483107,1731
1365,0.03327997168682276,1840
1366,0.032513833812102294,1367
1367,0.032501984441834594,534
1368,0.03237643342660804,2071
1369,0.03235694040377554,1457
1370,0.03203777805508146,472
1371,0.03202986432639031,599
1372,0.03194794712078355,2054
1373,0.03181538293647918,213
1374,0.031799778895239716,1973
1375,0.03168280101443159,479
1376,0.03160349924193777,1836
1377,0.03153949816804573,496
1378,0.03152995576094142,769
1379,0.03145011888310831,54
1380,0.031240586152814873,1632
1381,0.031024946977539825,1224
1382,0.030908634638929497,221
1383,0.030683250526662577,746
1384,0.030458340584054215,1575
1385,0.030113439647687267,717
1386,0.030111439262479195,8
1387,0.03004540724823985,130
1388,0.030028260968640433,1537
1389,0.029812829280331774,1646
1390,0.0297667651870436,160
1391,0.029746199401391157,2080
1392,0.029664259661852932,1858
1393,0.029496632760562653,1249
1394,0.029494847672739848,1042
1395,0.029199782810260366,309
1396,0.029183725217145774,1036
1397,0.029160808524554188,13
1398,0.029075862572254287,1390
1399,0.028830356793807282,683
1400,0.028403219328061703,1808
1401,0.028358787956489585,1312
1402,0.028137187359174864,476
1403,0.028094556343307323,63
1404,0.02776460526673923,243
1405,0.02738191494702296,346
1406,0.02686322196827718,1851
1407,0.026698853479024173,239
1408,0.02648392416922253,433
1409,0.02648392416922253,1121
1410,0.026318731606857375,322
1411,0.02619426001739746,1482
1412,0.026178794158297474,1868
1413,0.02616070624769912,1947
1414,0.02616042287127231,1529
1415,0.02607027388850865,1363
1416,0.026049551699296524,1364
1417,0.026019150291552638,758
1418,0.02584108317733073,910
1419,0.0258355260993541,41
1420,0.025833512245311177,1055
1421,0.02571762317676155,515
1422,0.025570665703112113,352
1423,0.025054777112198973,1778
1424,0.02485861938893571,2026
1425,0.02481723729275435,873
1426,0.02463820244122597,1986
1427,0.02459273944183886,764
1428,0.024506250670247393,1554
1429,0.024427121604031706,277
1430,0.024399737450490594,861
1431,0.024332406913010852,1884
1432,0.02431914858358075,2066
1433,0.024234050533546544,1127
1434,0.024143429233144848,1407
1435,0.024115191249235078,1094
1436,0.023981041898770192,1491
1437,0.023906740179526074,1446
1438,0.023865449329902314,1903
1439,0.023834318576084736,59
1440,0.02376045351008522,1521
1441,0.02357485159363179,78
1442,0.023437801823979965,283
1443,0.02339039638811288,1203
1444,0.023124447524139353,1999
1445,0.023040777020099004,371
1446,0.022894534660854247,1637
1447,0.022877757100836504,1113
1448,0.022848504431387154,285
1449,0.022848504431387154,654
1450,0.022810356649503913,66
1451,0.022794096696291767,1140
1452,0.022653867289933308,1236
1453,0.022238681305826,138
1454,0.022039390445123992,478
1455,0.021975419550077313,828
1456,0.021962911233777117,1889
1457,0.021928665026951365,1439
1458,0.021700799918662236,1930
1459,0.021683172917766072,1741
1460,0.021575744859645418,809
1461,0.021409865570748764,1142
1462,0.02090601704142793,718
1463,0.020859614791851715,337
1464,0.020717792858693997,544
1465,0.020543423199138273,1035
1466,0.020534526182015324,234
1467,0.020459365572625177,1788
1468,0.0203737626861744,1234
1469,0.020311961510894174,1640
1470,0.020172328624744315,191
1471,0.020140865033094507,1735
1472,0.019878647445061754,1936
1473,0.019678666742325705,1991
1474,0.019600008622662944,1009
1475,0.01914588873457641,1384
1476,0.019137859446514943,194
1477,0.018981827706393978,1697
1478,0.01888250969492465,1560
1479,0.018782012205333133,1612
1480,0.018643186975106522,2030
1481,0.018547566870361354,944
1482,0.018495712196258424,340
1483,0.018451871106993308,1184
1484,0.018426328958920164,220
1485,0.018110078686150853,684
1486,0.017944330888533856,802
1487,0.01790994335268429,1044
1488,0.01786185694902743,1711
1489,0.01781042721042682,663
1490,0.017269741691122848,1426
1491,0.017245928989677833,0
1492,0.017240392417367485,1264
1493,0.017173503944325708,308
1494,0.016790884598888396,1952
1495,0.016571168982509384,339
1496,0.01648062875787848,1205
1497,0.0164727686216454,753
1498,0.016281826712244228,208
1499,0.016032598184522625,884
1500,0.0160077442759135,1069
1501,0.01568193178893453,253
1502,0.015654521116510445,330
1503,0.015589554335012627,1740
1504,0.015565502926625736,1043
1505,0.01546150483830119,241
1506,0.015432679841859392,17
1507,0.01536930309212979,1994
1508,0.014958873397363452,1604
1509,0.014919996369613529,582
1510,0.014858779639982183,176
1511,0.014850742069756001,1869
1512,0.014818636196145946,1199
1513,0.014727419440573377,638
1514,0.01467026839618784,1679
1515,0.014560978861861336,1299
1516,0.014497345907090738,2056
1517,0.014279708661735738,643
1518,0.014229036473502177,233
1519,0.01422530047251213,975
1520,0.014201591935812802,370
1521,0.014183654133847746,1421
1522,0.014141647480897175,1959
1523,0.014022341164487428,728
1524,0.013991353459865309,1413
1525,0.013919782474226062,43
1526,0.01388423498351613,1404
1527,0.013131429461591718,608
1528,0.012897690574533695,1954
1529,0.01281471935886781,1050
1530,0.012784966341088744,664
1531,0.012745057436055529,1376
1532,0.012441155851537282,7
1533,0.012414575456063844,1047
1534,0.012309334263859953,1071
1535,0.011963053564652468,212
1536,0.011892393340934832,1547
1537,0.01167780415677486,1650
1538,0.011539962797188962,1104
1539,0.011365297148693353,513
1540,0.011172753729588,1049
1541,0.011011293343806435,1490
1542,0.010719140432469689,866
1543,0.010491458767443257,73
1544,0.010318550989268885,716
1545,0.010230890410384576,822
1546,0.010056051574914385,1571
1547,0.010002645565547539,1406
1548,0.009941138052529172,726
1549,0.00977581958230167,1596
1550,0.00960772841181325,1474
1551,0.009593840797629864,908
1552,0.009415739613799889,1938
1553,0.009361647469504153,1810
1554,0.009330213885944804,1886
1555,0.00926185956030447,1164
1556,0.009127766139006307,1497
1557,0.009077251153456648,639
1558,0.009044571347517122,1470
1559,0.009013494572009072,445
1560,0.008909863790204892,56
1561,0.008797392444223208,564
1562,0.008558325515661292,1253
1563,0.008422835156595717,640
1564,0.008405145417059617,995
1565,0.008311751828547827,359
1566,0.00831173427566563,1659
1567,0.007922761225554926,882
1568,0.0076852298644378945,958
1569,0.007578659580234741,1691
1570,0.00754085218249469,1245
1571,0.00742148079058149,1097
1572,0.00730134577357016,623
1573,0.007207403648765177,2021
1574,0.007097613659078995,1125
1575,0.006999964317745574,979
1576,0.006969706998703348,1165
1577,0.0069233172248645315,1073
1578,0.0069175328353395515,1351
1579,0.006909720359702297,2081
1580,0.00585366378087845,974
1581,0.005732369002705174,1967
1582,0.005720627604245233,952
1583,0.005417917491405064,1408
1584,0.005162666475751837,917
1585,0.005073866252602741,455
1586,0.004976057258191217,2008
1587,0.004684412518999703,320
1588,0.00466115315940667,1374
1589,0.004597062590817333,1693
1590,0.004256385795636128,2025
1591,0.004182519055511746,846
1592,0.004125572858916432,1382
1593,0.003951848232723553,698
1594,0.0037875662865117683,1597
1595,0.003568395820684661,1530
1596,0.003359993491843574,413
1597,0.0033490155358686857,418
1598,0.0033089843683730457,437
1599,0.0029905750865972976,2035
1600,0.0029755432265540817,1345
1601,0.002776335527133888,1614
1602,0.002772446009935289,374
1603,0.0026252307862114615,1144
1604,0.0025034457766780795,845
1605,0.002317392625330303,203
1606,0.0022407278148846854,1709
1607,0.002206823831427486,1717
1608,0.001890870616780154,533
1609,0.0017671109009427897,915
1610,0.0017516044852638624,65
1611,0.0017023914281926247,1548
1612,0.0016774023653094057,361
1613,0.0013063259306380706,416
1614,0.0013049093686495873,494
1615,0.0012452476169167032,799
1616,0.0009121624958242647,710
1617,0.0005243253844810537,1855
1618,0.0005057197071657183,2018
1619,0.0004706361083223025,848
1620,0.00043269298605647447,2061
1621,0.000331559738562923,1538
1622,0.0002801785747097163,46
1623,1.7615128254037937e-05,170
1624,-6.841072054652314e-05,1153
1625,-0.0004362392156602446,691
1626,-0.0007728191215371286,1427
1627,-0.0008080865798923394,918
1628,-0.0009052220297539153,42
1629,-0.0015776126397691916,1985
1630,-0.00195410384156801,1686
1631,-0.002086794702322134,1759
1632,-0.0022496652659603983,1915
1633,-0.0023977735632849766,1513
1634,-0.0024740380925202116,1174
1635,-0.002509365028241268,1923
1636,-0.002701658281316386,1963
1637,-0.003003841209876259,1208
1638,-0.003017086925103595,990
1639,-0.00308354373376838,1353
1640,-0.00308354373376838,153
1641,-0.0033444611544893327,697
1642,-0.0033996848117147788,1037
1643,-0.0034645809339647164,941
1644,-0.0036366470830926437,1114
1645,-0.003830992685783994,28
1646,-0.003948873484789846,1162
1647,-0.004102419452038049,936
1648,-0.004161342451566468,460
1649,-0.004282300450978348,324
1650,-0.004352672824749805,1118
1651,-0.004462052547475677,707
1652,-0.0045873903623165554,57
1653,-0.004661164170816239,325
1654,-0.004697813302248645,858
1655,-0.004832587991688932,1485
1656,-0.0048768589605526005,351
1657,-0.004894653171274688,1665
1658,-0.005090000802871024,1200
1659,-0.005212696148907247,1933
1660,-0.0052786388681927525,1189
1661,-0.005648145657180339,642
1662,-0.005795534182811346,675
1663,-0.005976492476356095,193
1664,-0.00617513718741914,1816
1665,-0.006237743194086224,613
1666,-0.0062853415713454795,1267
1667,-0.006531127842870688,1507
1668,-0.00677844103208316,1654
1669,-0.00683699194151223,1402
1670,-0.006898578418612295,2015
1671,-0.007028395382888679,611
1672,-0.007037655208235996,540
1673,-0.007074839263159171,1850
1674,-0.007087939710297912,1437
1675,-0.007132207948476799,1143
1676,-0.007198450516047188,634
1677,-0.007198450516047188,2048
1678,-0.007492870891488014,688
1679,-0.007510091056457646,671
1680,-0.007533180969041726,621
1681,-0.007792234494496417,1846
1682,-0.007792234494496417,1587
1683,-0.008091311610179376,1801
1684,-0.008381799956731634,1456
1685,-0.008397593923208487,154
1686,-0.008511284899727037,739
1687,-0.00865870889428898,447
1688,-0.008668220830773241,1748
1689,-0.008751647898828967,1095
1690,-0.008795687604438952,315
1691,-0.008827412922577452,1549
1692,-0.008885563156461477,363
1693,-0.009263605618146546,546
1694,-0.009270219231592608,1762
1695,-0.009307349255111222,401
1696,-0.009330435503957337,165
1697,-0.009577803777824799,1311
1698,-0.009853838444881751,131
1699,-0.010197239109237841,584
1700,-0.010312551437730895,521
1701,-0.010428811348049927,1594
1702,-0.01045103255353974,1761
1703,-0.010465125939219142,766
1704,-0.010550886468229666,2019
1705,-0.010563618192027332,1753
1706,-0.010573177244155702,1099
1707,-0.010751364893750684,1510
1708,-0.010863300042010166,1831
1709,-0.010970428928398748,1518
1710,-0.011226381023274359,353
1711,-0.011242894945502797,1708
1712,-0.011264329880624476,626
1713,-0.011269724690087177,1603
1714,-0.011331573199359728,681
1715,-0.011377594601593403,1582
1716,-0.011393209799936209,1360
1717,-0.011513284722974443,12
1718,-0.011591963968927692,329
1719,-0.011734444477796743,1971
1720,-0.011903258549398436,1087
1721,-0.012151761201101905,304
1722,-0.012221883399972051,1109
1723,-0.01238851440779263,1774
1724,-0.012575807084994395,1607
1725,-0.012677840433931088,1588
1726,-0.012813632129628088,1101
1727,-0.01287188858553924,1463
1728,-0.012877583517493118,195
1729,-0.012932944075104931,1002
1730,-0.01304021207630188,67
1731,-0.01319459526991024,142
1732,-0.01335504364332645,81
1733,-0.013491426477485018,1317
1734,-0.013574528753247765,957
1735,-0.01362067309317619,1581
1736,-0.014116409847925959,1726
1737,-0.014263016322729681,1394
1738,-0.014305403187842305,1984
1739,-0.014390255920309201,2031
1740,-0.014478917272032805,1422
1741,-0.0145199589228969,1052
1742,-0.014822959365866056,504
1743,-0.014862669762872833,767
1744,-0.015003745382257237,580
1745,-0.01516531676849028,1885
1746,-0.015170567870328621,1005
1747,-0.015181496874222693,1395
1748,-0.015234222014446696,507
1749,-0.015300002210111345,2092
1750,-0.015399610341703226,1752
1751,-0.015418419527463752,1779
1752,-0.015593568901512568,245
1753,-0.015796734204195993,1757
1754,-0.015864360614215707,1634
1755,-0.015865042689048973,804
1756,-0.015943416526572628,118
1757,-0.016068262125775203,1776
1758,-0.016382650555459878,1378
1759,-0.0165430688661845,1904
1760,-0.016813596572826786,2068
1761,-0.01688788112476106,229
1762,-0.01692419045425097,514
1763,-0.016951681796212308,1901
1764,-0.016997296729431823,1813
1765,-0.01699862338286778,1375
1766,-0.017159386422434926,1946
1767,-0.017161716545958716,761
1768,-0.017333478877842125,839
1769,-0.017491058063544042,1811
1770,-0.017529575349568734,267
1771,-0.01775149078489884,1079
1772,-0.017953984797678096,1204
1773,-0.01820525387402247,482
1774,-0.018417805970804675,938
1775,-0.01850721669689117,786
1776,-0.01855597274851131,1622
1777,-0.018614022427691262,1083
1778,-0.01871473017708909,1156
1779,-0.018814843385469876,1030
1780,-0.018834462846112437,647
1781,-0.01899418947988274,1948
1782,-0.01919566336308513,1695
1783,-0.01922672573480877,660
1784,-0.01950491788044901,1602
1785,-0.019810860634989456,1131
1786,-0.019854703736192178,200
1787,-0.020240785645169852,1969
1788,-0.020276045826970825,570
1789,-0.020771791492619627,568
1790,-0.02096026642063868,1081
1791,-0.021032714157171502,807
1792,-0.021077040547006404,1147
1793,-0.021387533670094078,381
1794,-0.021480840825517426,1687
1795,-0.021917246980177375,808
1796,-0.022257142905478332,1503
1797,-0.022342164430735265,230
1798,-0.022516996933580283,1168
1799,-0.02283453073083233,1138
1800,-0.023081478043478564,1088
1801,-0.023159376926251758,1053
1802,-0.02379988561623994,840
1803,-0.023931567863298246,173
1804,-0.024004248093486495,344
1805,-0.02401333336385064,2075
1806,-0.024040965602954642,825
1807,-0.024327063819433482,1624
1808,-0.024687672887563867,1126
1809,-0.02472905161258398,1271
1810,-0.024927834602348212,865
1811,-0.024970781023534602,1682
1812,-0.02504776196913189,210
1813,-0.025301968137471938,937
1814,-0.02532264827876078,1070
1815,-0.025557362203148172,1296
1816,-0.02577918432284065,843
1817,-0.026166050206716626,1658
1818,-0.026176162082281563,1072
1819,-0.02668908901650333,402
1820,-0.026868208143760747,331
1821,-0.02698726498320346,721
1822,-0.027110726695803184,1198
1823,-0.027163864924270382,542
1824,-0.027375311108565552,719
1825,-0.027531142922699144,1744
1826,-0.027532489716523625,1391
1827,-0.02780664039234027,832
1828,-0.02784465393336875,1822
1829,-0.028288071756028516,759
1830,-0.028629188275104894,390
1831,-0.02872787754465295,1213
1832,-0.0288077932646559,2072
1833,-0.028811872845021045,880
1834,-0.02881973358842193,911
1835,-0.029253414882300502,1784
1836,-0.029381750302691516,425
1837,-0.029529913437636755,134
1838,-0.029991690535074254,493
1839,-0.030831287829424875,141
1840,-0.030856204195470024,1730
1841,-0.031122782221049784,1076
1842,-0.031158397520887497,36
1843,-0.03142649104229059,505
1844,-0.03168068059384602,1818
1845,-0.031720362775300374,1277
1846,-0.03183818190670838,1045
1847,-0.03184228890360252,393
1848,-0.031872569707793466,1209
1849,-0.03188831329325253,1796
1850,-0.03208228871734489,2058
1851,-0.032361332725723016,1949
1852,-0.03250460188191129,2045
1853,-0.03359725374997661,847
1854,-0.03408515705291497,796
1855,-0.03409405052540573,271
1856,-0.034416587393566025,2059
1857,-0.03492034334201765,1955
1858,-0.035010163547888176,2034
1859,-0.035201457894137145,1696
1860,-0.03524833327192882,552
1861,-0.03530515305168397,25
1862,-0.03563737218613351,2076
1863,-0.03569976086272422,1781
1864,-0.0359646136199381,1250
1865,-0.03600262513888698,209
1866,-0.0363525621688016,1498
1867,-0.03637175560460355,793
1868,-0.03639245624851449,913
1869,-0.03650672694697323,1760
1870,-0.03654905585680604,1230
1871,-0.0367002334334643,1266
1872,-0.03684635086195114,250
1873,-0.036996335803805694,1285
1874,-0.03700362974557392,1243
1875,-0.03705395470026254,430
1876,-0.03738810898105747,121
1877,-0.03754929884069662,1542
1878,-0.03793563571595031,579
1879,-0.03809585365322057,1826
1880,-0.03813556984573731,1795
1881,-0.039517947723788166,1487
1882,-0.0398954293132915,1792
1883,-0.040313838108573245,389
1884,-0.04044339937769964,595
1885,-0.04062398240055469,569
1886,-0.040635940112567534,1705
1887,-0.0406590921954355,281
1888,-0.040724979537499685,114
1889,-0.0409960885554074,617
1890,-0.04101068299329537,313
1891,-0.04122993957429172,1565
1892,-0.041257749244578555,1617
1893,-0.04180028198602456,1027
1894,-0.04228852416718755,727
1895,-0.04232604010201348,1861
1896,-0.042416355248775656,1305
1897,-0.04287020688372503,1385
1898,-0.04291133888712898,750
1899,-0.0429129101946323,1905
1900,-0.04295478267927892,2086
1901,-0.043269577258874196,902
1902,-0.04361881726808965,2047
1903,-0.04365367045283332,1166
1904,-0.043674352724269165,879
1905,-0.043738335960672274,1163
1906,-0.04395818233364131,22
1907,-0.04459008768616249,1631
1908,-0.044968330594145206,1849
1909,-0.04523973216474847,821
1910,-0.04528348917795196,1657
1911,-0.04536168113653646,1483
1912,-0.04542273086755626,1557
1913,-0.04587158774782488,963
1914,-0.04591468360809246,1501
1915,-0.04603899912573327,1373
1916,-0.04630019065626251,246
1917,-0.046309361942243915,914
1918,-0.04633867382142601,562
1919,-0.046757232690322656,1061
1920,-0.046761070791894004,227
1921,-0.047012133087194305,1509
1922,-0.04701699459067611,614
1923,-0.047069982640300864,1729
1924,-0.04722022110675407,1834
1925,-0.04723204609368678,483
1926,-0.04736325442377094,492
1927,-0.04746224941109588,251
1928,-0.04825107035191835,106
1929,-0.04912139106395548,625
1930,-0.04923083137952283,1129
1931,-0.049728609408955,1853
1932,-0.05073115160932904,574
1933,-0.05082001434689084,3
1934,-0.051039061681524514,471
1935,-0.05104023293342228,1987
1936,-0.05104515113576559,90
1937,-0.05113625873171914,648
1938,-0.051244395191338825,226
1939,-0.051398834813568176,864
1940,-0.05144151393904742,369
1941,-0.05211724308308019,1797
1942,-0.052206276269901285,1911
1943,-0.052218040456434196,1220
1944,-0.052218040456434196,715
1945,-0.052661988164949845,1553
1946,-0.05278576766545828,1669
1947,-0.05278822341381777,306
1948,-0.052895189401308246,222
1949,-0.05295205697345583,1212
1950,-0.05302822488701206,1128
1951,-0.05327917635458757,1124
1952,-0.054514743251799946,656
1953,-0.05458709054670171,788
1954,-0.054612605512369794,1814
1955,-0.054621133177862505,199
1956,-0.05480015929995821,50
1957,-0.05536844523720892,1493
1958,-0.05573635980383067,76
1959,-0.05597556213022918,1011
1960,-0.05635816663316436,1194
1961,-0.056576891329365595,922
1962,-0.05708721694743989,1196
1963,-0.05761222578095482,1909
1964,-0.057652235327859125,70
1965,-0.05787766811058088,1577
1966,-0.05798159319646417,722
1967,-0.05805707186529358,1698
1968,-0.05853984839005338,765
1969,-0.059007726638288155,591
1970,-0.05914032604005964,757
1971,-0.0592709782354935,2091
1972,-0.0595768000609925,1431
1973,-0.059629562782910296,711
1974,-0.059775696045582256,2028
1975,-0.05978921681315934,577
1976,-0.05990608903198277,236
1977,-0.05997701465105656,1704
1978,-0.06026671781920637,1417
1979,-0.060294646370714904,223
1980,-0.06098408324216188,1023
1981,-0.06154365988777558,1663
1982,-0.061671555699113485,1192
1983,-0.06192391148049333,88
1984,-0.06212162883763604,510
1985,-0.062383144352375894,480
1986,-0.06274937875230403,1515
1987,-0.06307265027936618,705
1988,-0.06315191363075015,407
1989,-0.06376563870821789,1080
1990,-0.06389033208648823,265
1991,-0.0639439242461652,1303
1992,-0.06406856263478172,1158
1993,-0.0644906323089681,1765
1994,-0.06502197792136266,1252
1995,-0.06516674889917337,1940
1996,-0.06522195953259151,84
1997,-0.06547998745582666,1535
1998,-0.06560730408906798,1469
1999,-0.06565127546518029,1006
2000,-0.06610353399033239,1337
2001,-0.0664496290554617,465
2002,-0.06742984312464997,1309
2003,-0.06796725504902217,776
2004,-0.06807378115717128,891
2005,-0.0688505919587219,1713
2006,-0.06899450423951492,40
2007,-0.07019158045163965,139
2008,-0.07036253623702549,770
2009,-0.07120416153119567,1170
2010,-0.07147542280167091,1664
2011,-0.07189109064244807,297
2012,-0.07192352480795162,1300
2013,-0.07221969197439598,1176
2014,-0.07274260182131076,1863
2015,-0.07274260182131076,157
2016,-0.0730822079705141,1269
2017,-0.07433296311716814,1918
2018,-0.07520654299024654,1927
2019,-0.07524241388240577,704
2020,-0.07552828787228977,537
2021,-0.07734663511411319,1280
2022,-0.07798951780511955,547
2023,-0.07884433161125784,499
2024,-0.07922365511921958,23
2025,-0.07934767152089836,576
2026,-0.07983997234206303,391
2027,-0.08043358867212137,436
2028,-0.08053156766152315,811
2029,-0.08055574162407635,1432
2030,-0.08253721407201196,2062
2031,-0.08268223552185631,901
2032,-0.0831034427851958,1191
2033,-0.08354222821441963,299
2034,-0.08392309147339161,735
2035,-0.08489267882522224,1268
2036,-0.08498230879949853,834
2037,-0.08528679023797292,1756
2038,-0.08541060812470003,1536
2039,-0.08552938227285385,1859
2040,-0.08583492947793081,571
2041,-0.08654360711596529,1461
2042,-0.0872223552876723,1780
2043,-0.08806340485738635,1335
2044,-0.08926471313336132,659
2045,-0.08952304941042298,1025
2046,-0.08973862987121439,817
2047,-0.08990994024293647,518
2048,-0.09151337155452248,1610
2049,-0.09152988439185111,525
2050,-0.09152988439185111,566
2051,-0.09211134248696302,228
2052,-0.09231988915260385,422
2053,-0.09275019367968108,464
2054,-0.09279061087065936,2
2055,-0.09281298668802052,641
2056,-0.09310956790029766,1925
2057,-0.0938389302075791,612
2058,-0.09386598029942256,1544
2059,-0.09439126876816409,606
2060,-0.09478314318365996,694
2061,-0.09489250789165132,947
2062,-0.09501830148847931,2093
2063,-0.09571505564963287,6
2064,-0.09618849084640618,1710
2065,-0.09655861037624991,1677
2066,-0.09878809037668333,1004
2067,-0.09965376068262441,343
2068,-0.09973901730289075,1477
2069,-0.10292216214046779,927
2070,-0.10423931752261081,1743
2071,-0.10663019198700201,667
2072,-0.10772006578429869,1014
2073,-0.10899991625610143,1572
2074,-0.10921695472335716,1377
2075,-0.10933446394053642,1734
2076,-0.10934261304590026,1207
2077,-0.1093869407138378,120
2078,-0.11077680854327748,1662
2079,-0.11088200945422587,2060
2080,-0.11091261800498171,597
2081,-0.11190743035891966,1838
2082,-0.1121224740268151,1668
2083,-0.11252674205043522,1583
2084,-0.11257972505095044,1732
2085,-0.1134814400437599,572
2086,-0.11613050233867914,838
2087,-0.11649216025383306,1981
2088,-0.11728126527421484,1773
2089,-0.1200166277274982,709
2090,-0.12465822793579065,1837
2091,-0.12672991280714135,254
2092,-0.12672991280714135,1046
2093,-0.13393775535782848,292
2094,-0.14159544212834407,1728
